{
  "project_info": {
    "project_number": "585494948695",
    "firebase_url": "https://dam-app-as-default-rtdb.firebaseio.com",
    "project_id": "dam-app-as",
    "storage_bucket": "dam-app-as.appspot.com"
  },
  "client": [
    {
      "client_info": {
        "mobilesdk_app_id": "1:585494948695:android:b27ae6f0bbb683a852ec12",
        "android_client_info": {
          "package_name": "com.example.proiect"
        }
      },
      "oauth_client": [
        {
          "client_id": "585494948695-mla7bf6luhc0tsaeral8rim4qt7d08g2.apps.googleusercontent.com",
          "client_type": 3
        }
      ],
      "api_key": [
        {
          "current_key": "AIzaSyCWIQkijskHsOOYOb5KjOAQBTDmmb55lM4"
        }
      ],
      "services": {
        "appinvite_service": {
          "other_platform_oauth_client": [
            {
              "client_id": "585494948695-mla7bf6luhc0tsaeral8rim4qt7d08g2.apps.googleusercontent.com",
              "client_type": 3
            }
          ]
        }
      }
    }
  ],
  "configuration_version": "1"
}